{
"companyName": "Kiloo Games",
"productName": "Subway Surfers",
"productVersion": "1.94.0",
"dataUrl": "Beijing_2.data.unityweb",
"wasmCodeUrl": "Beijing_2.wasm.code.unityweb",
"wasmFrameworkUrl": "Beijing_2.wasm.framework.unityweb",
"asmCodeUrl": "Beijing_2.asm.code.unityweb",
"asmMemoryUrl": "Beijing_2.asm.memory.unityweb",
"asmFrameworkUrl": "Beijing_2.asm.framework.unityweb",
"TOTAL_MEMORY": 369098752,
"graphicsAPI": ["WebGL 2.0","WebGL 1.0"],
"webglContextAttributes": {"preserveDrawingBuffer": false},
"splashScreenStyle": "Dark",
"backgroundColor": "#231F20",
"developmentBuild": false,
"multithreading": false,
"unityVersion": "2019.2.0f1"
}